"","ano","time","vitorias","empates","derrotas","gols.pro","gols.contra","cartões.amarelos","cartões.vermelhos","Total_Viagens_KM","Media_Viagem_KM","Jogos_Fora","valor_medio","idade_media"
"1",2018,"America mg",10,10,18,30,47,84,8,14348.221756783,755.169566146473,19,8.53552631578947,29.3157894736842
"2",2021,"America mg",13,14,11,41,37,66,2,17511.0007104688,921.631616340461,19,5.18631578947368,29.9078947368421
"3",2022,"America mg",15,8,15,40,40,88,5,15171.7888884516,798.515204655347,19,8.27368421052632,30.4263157894737
"4",2023,"America mg",5,9,24,42,81,86,11,13021.0480545857,685.318318662403,19,8.55157894736842,29.8105263157895
"5",2018,"Athletico Paranaense",16,9,13,54,37,88,5,16735.8048795086,880.831835763611,19,12.6973684210526,26.8421052631579
"6",2019,"Athletico Paranaense",18,10,10,51,32,83,2,17826.824631845,938.253927991844,19,16.3118421052632,26.8789473684211
"7",2020,"Athletico Paranaense",15,8,15,38,36,82,5,17935.5077209,943.974090573685,19,19.132972972973,26.3405405405405
"8",2021,"Athletico Paranaense",13,8,17,41,45,90,6,18567.6286844195,977.243614969445,19,23.9315789473684,25.8078947368421
"9",2022,"Athletico Paranaense",16,10,12,48,48,95,4,15291.5576345777,804.81882287251,19,27.9263157894737,25.0157894736842
"10",2023,"Athletico Paranaense",14,14,10,51,43,112,4,14770.1740857825,777.377583462236,19,40.8789473684211,26.7131578947368
"11",2024,"Athletico Paranaense",11,9,18,40,46,98,10,16215.0735142706,853.424921803715,19,26.7236111111111,26.7222222222222
"12",2020,"Atletico Goianiense",12,14,12,40,45,82,6,20205.9693917056,1063.47207324766,19,31.4121621621622,25.6973684210526
"13",2021,"Atletico Goianiense",13,14,11,33,36,98,7,21373.8534570093,1124.93965563207,19,42.6302631578947,27.2236842105263
"14",2022,"Atletico Goianiense",8,12,18,39,57,104,9,18734.5922231672,986.031169640379,19,55.5631578947368,27.4736842105263
"15",2024,"Atletico Goianiense",7,9,22,29,58,105,14,20048.4924143443,1055.18381128128,19,9.70138888888889,27.0805555555556
"16",2018,"Atletico Mineiro",17,8,13,56,43,90,3,14348.221756783,755.169566146473,19,20.6894736842105,29.0447368421053
"17",2019,"Atletico Mineiro",13,9,16,44,49,69,5,15897.9588197273,836.734674722492,19,22.0894736842105,28.8184210526316
"18",2020,"Atletico Mineiro",20,8,10,64,45,72,6,15853.1589106748,834.376784772358,19,31.4121621621622,26.7297297297297
"19",2021,"Atletico Mineiro",26,6,6,67,34,82,4,17511.0007104688,921.631616340461,19,42.6302631578947,28.4789473684211
"20",2022,"Atletico Mineiro",15,13,10,45,37,93,3,15171.7888884516,798.515204655347,19,55.5631578947368,29.2868421052632
"21",2023,"Atletico Mineiro",19,9,10,52,32,114,7,13021.0480545857,685.318318662403,19,45.3592105263158,29.2263157894737
"22",2024,"Atletico Mineiro",11,14,13,47,54,110,13,15034.3105778636,791.279504098085,19,43.8,28.8333333333333
"23",2019,"Avai",3,11,24,18,62,79,10,19580.133122183,1030.53332222016,19,5.21710526315789,27.2815789473684
"24",2022,"Avai",9,8,21,34,60,102,4,17586.806549924,925.621397364419,19,8.08657894736842,29.3289473684211
"25",2018,"Bahia",12,12,14,39,41,85,4,25633.2915834065,1349.12060965297,19,12.8210526315789,27.2973684210526
"26",2019,"Bahia",12,13,13,44,43,65,6,26870.6729198079,1414.24594314778,19,13.8828947368421,27.5736842105263
"27",2020,"Bahia",12,8,18,48,59,88,8,26431.7029168546,1391.14225878182,19,9.7278947368421,28.3263157894737
"28",2021,"Bahia",11,10,17,42,51,94,5,28260.5211143018,1487.39584812115,19,10.1352631578947,27.8315789473684
"29",2023,"Bahia",12,8,18,50,53,96,8,27348.2607433778,1439.38214438831,19,24.5184210526316,27.5868421052632
"30",2024,"Bahia",15,8,15,49,49,86,1,27426.4362872979,1443.49664669989,19,36.3791666666667,28.4944444444444
"31",2018,"Botafogo",13,12,13,38,46,90,5,13619.7516353537,716.829033439666,19,12.9105263157895,25.9605263157895
"32",2019,"Botafogo",13,4,21,31,45,94,3,15070.2214522546,793.169550118665,19,16.6934210526316,27.6078947368421
"33",2020,"Botafogo",5,12,21,32,62,72,6,15085.5514642334,793.976392854388,19,8.53756756756757,25.6054054054054
"34",2022,"Botafogo",15,8,15,41,43,98,6,14606.8477197367,768.781458933508,19,23.075,28.2605263157895
"35",2023,"Botafogo",18,10,10,58,37,96,8,12339.5156803472,649.448193702483,19,25.6605263157895,29.4394736842105
"36",2024,"Botafogo",23,10,5,59,29,107,7,14139.431858528,744.180624133054,19,50.2569444444444,28.3027777777778
"37",2018,"Ceara",10,14,14,32,38,91,3,41477.4479547,2183.02357656316,19,7.17542857142857,28.6257142857143
"38",2019,"Ceara",10,9,19,36,41,85,3,40699.1394475361,2142.05997092295,19,8.66842105263158,29.4947368421053
"39",2020,"Ceara",14,10,14,54,51,91,10,39678.1344636923,2088.32286651012,19,6.76810810810811,28.7405405405405
"40",2021,"Ceara",11,17,10,39,38,90,5,41122.2460604829,2164.32874002542,19,8.13947368421053,27.9894736842105
"41",2022,"Ceara",7,16,15,34,41,127,10,42833.4304147126,2254.39107445856,19,9.96184210526316,29.6578947368421
"42",2018,"Chapecoense",11,11,16,34,50,74,3,22304.5946257769,1173.92603293563,19,11.2986486486486,28.4054054054054
"43",2019,"Chapecoense",7,11,20,31,52,79,6,22998.6459765728,1210.45505139857,19,10.9315789473684,29.4710526315789
"44",2021,"Chapecoense",1,12,25,27,67,82,10,23037.4303177754,1212.49633251449,19,4.17157894736842,26.3421052631579
"45",2018,"Corinthians",11,11,16,34,35,77,3,13496.8358303589,710.359780545204,19,27.3067567567568,27.172972972973
"46",2019,"Corinthians",14,14,10,42,34,72,2,14683.7310644542,772.827950760748,19,39.0236842105263,28.6026315789474
"47",2020,"Corinthians",13,12,13,45,45,83,10,14403.1539656135,758.06073503229,19,28.9147368421053,28.3763157894737
"48",2021,"Corinthians",15,12,11,40,36,61,3,15841.6215609988,833.769555842043,19,27.9947368421053,29.0605263157895
"49",2022,"Corinthians",18,11,9,44,36,84,6,12680.7652701621,667.408698429585,19,42.6236842105263,27.5157894736842
"50",2023,"Corinthians",12,14,12,47,48,95,3,11395.1415509005,599.744292152656,19,41.9802631578947,28.0078947368421
"51",2024,"Corinthians",15,11,12,54,45,116,10,13371.3509640745,703.755313898656,19,43.3194444444444,26.8777777777778
"52",2020,"Coritiba",7,10,21,31,54,82,8,17935.5077209,943.974090573685,19,7.1872,27.804
"53",2022,"Coritiba",12,6,20,39,60,113,12,15291.5576345777,804.81882287251,19,8.98157894736842,27.9184210526316
"54",2023,"Coritiba",8,6,24,41,73,68,6,14770.1740857825,777.377583462236,19,16.4302631578947,27.7052631578947
"55",2024,"Criciuma",9,11,18,42,61,97,6,19532.3507655442,1028.01846134443,19,7.01527777777778,30.5805555555556
"56",2018,"Cruzeiro",14,11,13,34,34,99,2,14348.221756783,755.169566146473,19,23.4040540540541,29.7135135135135
"57",2019,"Cruzeiro",7,15,16,27,46,81,6,15897.9588197273,836.734674722492,19,20.7763157894737,29.6105263157895
"58",2023,"Cruzeiro",11,14,13,35,32,101,6,13021.0480545857,685.318318662403,19,20.55,28.4710526315789
"59",2024,"Cruzeiro",14,10,14,43,41,100,8,15034.3105778636,791.279504098085,19,34.9527777777778,27.7027777777778
"60",2019,"Csa",8,8,22,24,58,90,4,33779.2839165269,1777.85704823826,19,8.07236842105263,29.4973684210526
"61",2021,"Cuiaba",10,17,11,34,37,84,7,29952.9066289268,1576.46876994352,19,6.78342105263158,28.9342105263158
"62",2022,"Cuiaba",10,11,17,31,42,82,11,27739.0259097434,1459.94873209176,19,9.4421052631579,28.7578947368421
"63",2023,"Cuiaba",14,9,15,40,39,102,4,28081.1777566914,1477.95672403639,19,8.15315789473684,28.7684210526316
"64",2024,"Cuiaba",6,12,20,29,49,118,2,29142.2670546576,1533.80352919251,19,14.3319444444444,28.4388888888889
"65",2018,"Flamengo",21,9,8,59,29,83,10,13619.7516353537,716.829033439666,19,48.0473684210526,27.2552631578947
"66",2019,"Flamengo",28,6,4,86,37,90,3,15070.2214522546,793.169550118665,19,65.9526315789474,27.4368421052632
"67",2020,"Flamengo",21,8,9,68,48,90,4,15085.5514642334,793.976392854388,19,64.4671052631579,27.6078947368421
"68",2021,"Flamengo",21,8,9,69,36,82,4,17509.8581847023,921.571483405383,19,59.9855263157895,28.3289473684211
"69",2022,"Flamengo",18,8,12,60,39,84,4,14606.8477197367,768.781458933508,19,71.7815789473684,27.7763157894737
"70",2023,"Flamengo",19,9,10,56,42,89,5,12339.5156803472,649.448193702483,19,84.5723684210526,27.2184210526316
"71",2024,"Flamengo",20,10,8,61,42,76,4,14139.431858528,744.180624133054,19,80.3555555555556,27.9611111111111
"72",2018,"Fluminense",12,9,17,32,46,87,5,13619.7516353537,716.829033439666,19,12.3824324324324,25.8108108108108
"73",2019,"Fluminense",12,10,16,38,46,87,12,15070.2214522546,793.169550118665,19,27.0513157894737,25.8526315789474
"74",2020,"Fluminense",18,10,10,55,42,85,5,15085.5514642334,793.976392854388,19,14.3940540540541,27.8594594594595
"75",2021,"Fluminense",15,9,14,38,38,91,4,17509.8581847023,921.571483405383,19,18.9868421052632,27.0236842105263
"76",2022,"Fluminense",21,7,10,63,41,85,11,14606.8477197367,768.781458933508,19,29.9736842105263,29.0552631578947
"77",2023,"Fluminense",16,8,14,51,47,130,12,12339.5156803472,649.448193702483,19,37.9236842105263,30.0631578947368
"78",2024,"Fluminense",12,10,16,33,39,118,13,14139.431858528,744.180624133054,19,41.6138888888889,31.1333333333333
"79",2019,"Fortaleza",15,8,15,50,49,85,13,40699.1394475361,2142.05997092295,19,8.56315789473684,28.7052631578947
"80",2020,"Fortaleza",10,11,17,34,44,82,11,39678.1344636923,2088.32286651012,19,7.41675675675676,29.7540540540541
"81",2021,"Fortaleza",17,7,14,44,45,95,7,41122.2460604829,2164.32874002542,19,10.58,28.4236842105263
"82",2022,"Fortaleza",15,10,13,46,39,88,8,42833.4304147126,2254.39107445856,19,12.9907894736842,29.0763157894737
"83",2023,"Fortaleza",15,9,14,45,44,100,2,43318.6276669042,2279.92777194233,19,13.0973684210526,30.2
"84",2024,"Fortaleza",19,11,8,53,39,107,10,43509.8244250044,2289.99075921076,19,15.4194444444444,30.3722222222222
"85",2019,"Goiás",15,7,16,46,64,86,7,21399.6167652059,1126.29561922136,19,9.34605263157895,27.05
"86",2020,"Goiás",9,10,19,41,63,117,6,20205.9693917056,1063.47207324766,19,7.34162162162162,26.8972972972973
"87",2022,"Goiás",11,13,14,40,53,117,8,18734.5922231672,986.031169640379,19,9.46657894736842,27.3736842105263
"88",2023,"Goiás",9,11,18,36,53,108,8,18588.5795153402,978.346290281064,19,10.0444736842105,28.5263157894737
"89",2018,"Grêmio",18,12,8,48,27,83,1,24193.3862071785,1273.33611616729,19,35.3333333333333,28.2305555555556
"90",2019,"Grêmio",19,8,11,64,39,80,2,24888.9522946679,1309.9448576141,19,48.8460526315789,28.4447368421053
"91",2020,"Grêmio",14,17,7,53,40,70,8,25979.7122386335,1367.35327571755,19,40.1278378378378,28.7702702702703
"92",2021,"Grêmio",12,7,19,44,51,110,7,25152.4449497603,1323.81289209264,19,34.7157894736842,27.8263157894737
"93",2023,"Grêmio",21,5,12,63,56,98,6,22646.8745330936,1191.94076489966,19,28.7276315789474,28.7526315789474
"94",2024,"Grêmio",12,9,17,44,50,93,8,22561.8940449633,1187.46810762965,19,37.0916666666667,29.4333333333333
"95",2018,"Internacional",19,12,7,51,29,96,6,24193.3862071785,1273.33611616729,19,24.1554054054054,27.1756756756757
"96",2019,"Internacional",16,9,13,44,38,98,3,24888.9522946679,1309.9448576141,19,24.4697368421053,28.5763157894737
"97",2020,"Internacional",20,10,8,61,35,91,9,25979.7122386335,1367.35327571755,19,24.2747368421053,27.7394736842105
"98",2021,"Internacional",12,12,14,44,42,106,11,25152.4449497603,1323.81289209264,19,31.3355263157895,27.0894736842105
"99",2022,"Internacional",20,13,5,58,31,94,5,23060.0739841304,1213.68810442792,19,32.3052631578947,27.8921052631579
"100",2023,"Internacional",15,10,13,46,45,114,6,22646.8745330936,1191.94076489966,19,35.6802631578947,29.0842105263158
"101",2024,"Internacional",18,11,9,53,36,103,6,22561.8940449633,1187.46810762965,19,39.7402777777778,28.0166666666667
"102",2021,"Juventude",11,13,14,36,44,93,4,23864.0665721508,1256.00350379741,19,6.40131578947368,27.8473684210526
"103",2022,"Juventude",3,13,22,29,69,112,8,21598.3526275983,1136.75540145254,19,6.65578947368421,28.0684210526316
"104",2024,"Juventude",11,12,15,48,59,106,14,21337.5004316023,1123.02633850538,19,9.05833333333333,28.7694444444444
"105",2018,"Palmeiras",23,11,4,64,26,117,5,13496.8358303589,710.359780545204,19,35.9202702702703,28.9621621621622
"106",2019,"Palmeiras",21,11,6,61,32,78,5,14683.7310644542,772.827950760748,19,50.7631578947368,29.1157894736842
"107",2020,"Palmeiras",15,13,10,51,37,96,5,14403.1539656135,758.06073503229,19,39.0367567567568,27.2594594594595
"108",2021,"Palmeiras",20,6,12,58,43,87,11,15841.6215609988,833.769555842043,19,50.4460526315789,27.4763157894737
"109",2022,"Palmeiras",23,12,3,66,27,85,6,12680.7652701621,667.408698429585,19,83.1736842105263,27.7026315789474
"110",2023,"Palmeiras",20,10,8,64,33,101,7,11395.1415509005,599.744292152656,19,78.2486842105263,27.6552631578947
"111",2024,"Palmeiras",22,7,9,60,33,106,8,13371.3509640745,703.755313898656,19,103.095833333333,27.0611111111111
"112",2018,"Paraná",4,11,23,18,57,98,9,16735.8048795086,880.831835763611,19,5.08473684210526,25.6157894736842
"113",2020,"Red Bull Bragantino",13,14,11,50,40,81,4,14339.2966100522,754.699821581697,19,17.1955263157895,26.1684210526316
"114",2021,"Red Bull Bragantino",14,14,10,55,46,95,3,15830.6568331169,833.192464900891,19,27.3060526315789,24.5052631578947
"115",2022,"Red Bull Bragantino",11,11,16,49,59,93,7,12719.4060299199,669.442422627361,19,42.7171052631579,24.4815789473684
"116",2023,"Red Bull Bragantino",17,11,10,49,35,110,7,11360.9252943139,597.943436542839,19,31.5055263157895,25.0842105263158
"117",2024,"Red Bull Bragantino",10,14,14,44,48,109,7,13351.938122326,702.73358538558,19,36.1763888888889,25.4972222222222
"118",2018,"São Paulo",16,15,7,46,34,98,6,13496.8358303589,710.359780545204,19,26.2054054054054,29.072972972973
"119",2019,"São Paulo",17,12,9,39,30,87,7,14683.7310644542,772.827950760748,19,38.2486842105263,27.2447368421053
"120",2020,"São Paulo",18,12,8,59,41,95,2,14403.1539656135,758.06073503229,19,28.1432432432432,27.3189189189189
"121",2021,"São Paulo",11,15,12,31,39,100,7,15841.6215609988,833.769555842043,19,35.7842105263158,27.25
"122",2022,"São Paulo",13,15,10,55,42,102,9,12680.7652701621,667.408698429585,19,31.4026315789474,27.45
"123",2023,"São Paulo",14,11,13,40,38,107,7,11395.1415509005,599.744292152656,19,30.1039473684211,27.4342105263158
"124",2024,"São Paulo",17,8,13,53,43,111,8,13371.3509640745,703.755313898656,19,29.2597222222222,29.1972222222222
"125",2018,"Santos",13,11,14,46,40,88,3,13646.6455591739,718.244503114414,19,34.1605263157895,26.55
"126",2019,"Santos",22,8,8,60,33,110,12,14848.2520906477,781.486952139354,19,32.0552631578947,27.1263157894737
"127",2020,"Santos",14,12,12,52,51,86,6,14673.0465509572,772.265607945117,19,23.6162162162162,25.6243243243243
"128",2021,"Santos",12,14,12,35,40,103,4,16151.9038434901,850.100202288955,19,24.3092105263158,26.3
"129",2022,"Santos",12,11,15,44,41,102,7,12982.4186078818,683.285189888516,19,34.5105263157895,26.0973684210526
"130",2023,"Santos",11,10,17,39,64,103,9,11660.4873157281,613.709858722532,19,35.4578947368421,27.0631578947368
"131",2018,"Sport",11,9,18,35,57,78,4,36690.4484808186,1931.07623583256,19,11.3175675675676,28.6513513513514
"132",2020,"Sport",12,6,20,31,50,98,7,36270.368281356,1908.96675165032,19,7.59,27.9837837837838
"133",2021,"Sport",9,11,18,24,37,94,5,38052.0388248312,2002.73888551743,19,6.64921052631579,26.6631578947368
"134",2018,"Vasco da Gama",10,13,15,41,48,101,9,13619.7516353537,716.829033439666,19,11.358064516129,28.0903225806452
"135",2019,"Vasco da Gama",12,13,13,39,45,105,5,15070.2214522546,793.169550118665,19,15.7671052631579,26.5815789473684
"136",2020,"Vasco da Gama",10,11,17,37,56,87,7,15085.5514642334,793.976392854388,19,19.5148648648649,27.1594594594595
"137",2023,"Vasco da Gama",12,9,17,41,51,103,8,12339.5156803472,649.448193702483,19,32.2184210526316,26.7157894736842
"138",2024,"Vasco da Gama",14,8,16,43,56,94,7,14139.431858528,744.180624133054,19,30.1813888888889,28.2777777777778
"139",2018,"Vitória",9,10,19,36,63,108,7,25633.2915834065,1349.12060965297,19,9.41789473684211,25.1210526315789
"140",2024,"Vitória",13,8,17,45,52,110,7,27426.4362872979,1443.49664669989,19,12.4383333333333,27.6888888888889
