,Ano,Time,Total_Viagens_KM,Media_Viagem_KM,Jogos_Fora
1,2003,Paysandu,55967.0277351736,2433.34903196407,23
2,2003,Fortaleza,53085.7562259148,2308.07635764847,23
3,2003,Bahia,34431.1516565636,1497.00659376363,23
4,2003,Vitoria,34431.1516565636,1497.00659376363,23
5,2003,Gremio,26119.8357918257,1135.64503442721,23
6,2003,Internacional,26119.8357918257,1135.64503442721,23
7,2003,Goias,24808.9414489313,1078.64962821441,23
8,2003,Juventude,24545.6765637092,1067.20332885692,23
9,2003,Criciuma,22197.5895786825,965.1125903775,23
10,2003,Figueirense,20038.1233849617,871.222755867898,23
11,2003,Atletico-MG,19062.4569451958,828.802475878077,23
12,2003,Cruzeiro,19062.4569451958,828.802475878077,23
13,2003,Flamengo,17914.7115536234,778.900502331451,23
14,2003,Fluminense,17914.7115536234,778.900502331451,23
15,2003,Vasco,17914.7115536234,778.900502331451,23
16,2003,Athletico-PR,17821.1168806111,774.831168722221,23
17,2003,Coritiba,17821.1168806111,774.831168722221,23
18,2003,Parana,17821.1168806111,774.831168722221,23
19,2003,Guarani,15732.1041023438,684.004526188862,23
20,2003,Ponte Preta,15732.1041023438,684.004526188862,23
21,2003,Santos,15725.8172190284,683.731183436017,23
22,2003,Sao Caetano,15508.3039075665,674.274082937673,23
23,2003,Corinthians,15484.3808468899,673.23394986478,23
24,2003,Sao Paulo,15484.3808468899,673.23394986478,23
25,2004,Paysandu,58063.8377244552,2524.51468367196,23
26,2004,Vitoria,36068.1425727167,1568.18011185725,23
27,2004,Goias,23473.784070435,1020.59930741022,23
28,2004,Gremio,22574.2174505976,981.487715243375,23
29,2004,Internacional,22574.2174505976,981.487715243375,23
30,2004,Juventude,21018.2603050892,913.837404569096,23
31,2004,Criciuma,18638.8168863278,810.383342883817,23
32,2004,Atletico-MG,17031.8569763082,740.515520709052,23
33,2004,Cruzeiro,17031.8569763082,740.515520709052,23
34,2004,Figueirense,16482.3110777175,716.622220770326,23
35,2004,Botafogo-RJ,14871.022072552,646.566177067479,23
36,2004,Flamengo,14871.022072552,646.566177067479,23
37,2004,Fluminense,14871.022072552,646.566177067479,23
38,2004,Vasco,14871.022072552,646.566177067479,23
39,2004,Athletico-PR,14376.8077805315,625.078599153542,23
40,2004,Coritiba,14376.8077805315,625.078599153542,23
41,2004,Parana,14376.8077805315,625.078599153542,23
42,2004,Guarani,12459.920633833,541.735679731869,23
43,2004,Ponte Preta,12459.920633833,541.735679731869,23
44,2004,Santos,12244.7749638394,532.381520166931,23
45,2004,Sao Caetano,12038.9573738911,523.432929299614,23
46,2004,Corinthians,12015.4638757538,522.411472858861,23
47,2004,Palmeiras,12015.4638757538,522.411472858861,23
48,2004,Sao Paulo,12015.4638757538,522.411472858861,23
49,2005,Paysandu,50490.092601702,2404.29012389057,21
50,2005,Fortaleza,48731.4658825144,2320.54599440545,21
51,2005,Internacional,23979.3931248367,1141.87586308746,21
52,2005,Juventude,22360.0678682391,1064.76513658281,21
53,2005,Brasiliense,21373.2810520934,1017.77528819492,21
54,2005,Goias,20720.2920517481,986.680573892769,21
55,2005,Figueirense,17663.4867360297,841.118416001414,21
56,2005,Atletico-MG,15656.8663717514,745.565065321493,21
57,2005,Cruzeiro,15656.8663717514,745.565065321493,21
58,2005,Athletico-PR,15079.7574899283,718.083689996587,21
59,2005,Coritiba,15079.7574899283,718.083689996587,21
60,2005,Parana,15079.7574899283,718.083689996587,21
61,2005,Botafogo-RJ,14368.2808165494,684.203848407116,21
62,2005,Flamengo,14368.2808165494,684.203848407116,21
63,2005,Fluminense,14368.2808165494,684.203848407116,21
64,2005,Vasco,14368.2808165494,684.203848407116,21
65,2005,Ponte Preta,12577.3955288378,598.923596611322,21
66,2005,Santos,12521.4710355676,596.260525503219,21
67,2005,Sao Caetano,12266.7254831485,584.129784911835,21
68,2005,Corinthians,12236.4715512839,582.689121489709,21
69,2005,Palmeiras,12236.4715512839,582.689121489709,21
70,2005,Sao Paulo,12236.4715512839,582.689121489709,21
71,2006,Fortaleza,45179.1061511465,2377.84769216561,19
72,2006,Santa Cruz,40809.2669608764,2147.8561558356,19
73,2006,Goias,20537.4068806776,1080.91615161461,19
74,2006,Gremio,20256.672598952,1066.14066310274,19
75,2006,Internacional,20256.672598952,1066.14066310274,19
76,2006,Juventude,19015.6674993443,1000.82460522865,19
77,2006,Figueirense,15196.5615791274,799.819030480389,19
78,2006,Cruzeiro,15085.4390403529,793.970475808047,19
79,2006,Athletico-PR,13516.8838246644,711.414938140229,19
80,2006,Parana,13516.8838246644,711.414938140229,19
81,2006,Botafogo-RJ,12960.7285979238,682.143610417044,19
82,2006,Flamengo,12960.7285979238,682.143610417044,19
83,2006,Fluminense,12960.7285979238,682.143610417044,19
84,2006,Vasco,12960.7285979238,682.143610417044,19
85,2006,Ponte Preta,11563.4152454049,608.600802389733,19
86,2006,Santos,11211.9837563543,590.104408229172,19
87,2006,Sao Caetano,11058.8220915359,582.043267975572,19
88,2006,Corinthians,11051.4138301012,581.653359479012,19
89,2006,Palmeiras,11051.4138301012,581.653359479012,19
90,2006,Sao Paulo,11051.4138301012,581.653359479012,19
91,2007,America-RN,41359.9769421068,2176.84089168983,19
92,2007,Nautico,37837.4814719045,1991.44639325813,19
93,2007,Sport,37837.4814719045,1991.44639325813,19
94,2007,Gremio,22794.9763616017,1199.73559797904,19
95,2007,Internacional,22794.9763616017,1199.73559797904,19
96,2007,Goias,21578.9362240241,1135.73348547495,19
97,2007,Juventude,21567.9936673248,1135.15756143815,19
98,2007,Figueirense,17695.6321942144,931.349062853387,19
99,2007,Athletico-PR,16076.4806669973,846.130561420911,19
100,2007,Parana,16076.4806669973,846.130561420911,19
101,2007,Atletico-MG,15709.0347599521,826.791303155375,19
102,2007,Cruzeiro,15709.0347599521,826.791303155375,19
103,2007,Botafogo-RJ,14319.8952314942,753.678696394434,19
104,2007,Flamengo,14319.8952314942,753.678696394434,19
105,2007,Fluminense,14319.8952314942,753.678696394434,19
106,2007,Vasco,14319.8952314942,753.678696394434,19
107,2007,Santos,13636.2179831696,717.695683324716,19
108,2007,Corinthians,13531.2614403664,712.171654756127,19
109,2007,Palmeiras,13531.2614403664,712.171654756127,19
110,2007,Sao Paulo,13531.2614403664,712.171654756127,19
111,2008,Nautico,36872.4703229225,1940.6563327854,19
112,2008,Sport,36872.4703229225,1940.6563327854,19
113,2008,Vitoria,26164.1595672724,1377.06102985644,19
114,2008,Gremio,23294.3710857734,1226.01953083018,19
115,2008,Internacional,23294.3710857734,1226.01953083018,19
116,2008,Goias,20225.7016929136,1064.51061541651,19
117,2008,Figueirense,17603.5118162336,926.50062190703,19
118,2008,Athletico-PR,15716.2978850792,827.173572898904,19
119,2008,Coritiba,15716.2978850792,827.173572898904,19
120,2008,Ipatinga,14957.2993192003,787.22627995791,19
121,2008,Atletico-MG,13733.1443299392,722.797069996803,19
122,2008,Cruzeiro,13733.1443299392,722.797069996803,19
123,2008,Botafogo-RJ,12770.0985747084,672.11045130044,19
124,2008,Flamengo,12770.0985747084,672.11045130044,19
125,2008,Fluminense,12770.0985747084,672.11045130044,19
126,2008,Vasco,12770.0985747084,672.11045130044,19
127,2008,Santos,12646.3053360043,665.595017684437,19
128,2008,Palmeiras,12512.1160311501,658.532422692111,19
129,2008,Portuguesa,12512.1160311501,658.532422692111,19
130,2008,Sao Paulo,12512.1160311501,658.532422692111,19
131,2009,Nautico,37760.398759188,1987.38940837832,19
132,2009,Sport,37760.398759188,1987.38940837832,19
133,2009,Vitoria,27039.1486588905,1423.11308731003,19
134,2009,Gremio,22394.1377449529,1178.63882868173,19
135,2009,Internacional,22394.1377449529,1178.63882868173,19
136,2009,Goias,20135.508393874,1059.76359967758,19
137,2009,Avai,16727.0780979233,880.372531469646,19
138,2009,Athletico-PR,14741.5777875334,775.872515133335,19
139,2009,Coritiba,14741.5777875334,775.872515133335,19
140,2009,Atletico-MG,14232.3959180721,749.073469372217,19
141,2009,Cruzeiro,14232.3959180721,749.073469372217,19
142,2009,Botafogo-RJ,13119.2422934058,690.486436495042,19
143,2009,Flamengo,13119.2422934058,690.486436495042,19
144,2009,Fluminense,13119.2422934058,690.486436495042,19
145,2009,Santos,11780.849621739,620.044716933633,19
146,2009,Barueri,11722.5763752918,616.977703962726,19
147,2009,Santo Andre,11593.7365457059,610.196660300309,19
148,2009,Corinthians,11569.9974005523,608.947231608017,19
149,2009,Palmeiras,11569.9974005523,608.947231608017,19
150,2009,Sao Paulo,11569.9974005523,608.947231608017,19
151,2010,Ceara,43626.0456561094,2296.10766611102,19
152,2010,Vitoria,27570.4667961515,1451.07719979745,19
153,2010,Gremio,21808.9635730438,1147.84018805494,19
154,2010,Internacional,21808.9635730438,1147.84018805494,19
155,2010,Atletico-GO,18045.6028084284,949.768568864653,19
156,2010,Goias,18045.6028084284,949.768568864653,19
157,2010,Avai,16336.978968385,859.840998336051,19
158,2010,Gremio Prudente,15898.4477770411,836.760409317953,19
159,2010,Athletico-PR,14263.1299481441,750.691049902321,19
160,2010,Atletico-MG,13309.899437458,700.521023024107,19
161,2010,Cruzeiro,13309.899437458,700.521023024107,19
162,2010,Botafogo-RJ,12330.7190846307,648.985214980566,19
163,2010,Flamengo,12330.7190846307,648.985214980566,19
164,2010,Fluminense,12330.7190846307,648.985214980566,19
165,2010,Vasco,12330.7190846307,648.985214980566,19
166,2010,Santos,11333.9347974543,596.522884076543,19
167,2010,Guarani,11270.7165563596,593.195608229455,19
168,2010,Corinthians,11066.636053516,582.454529132419,19
169,2010,Palmeiras,11066.636053516,582.454529132419,19
170,2010,Sao Paulo,11066.636053516,582.454529132419,19
171,2011,Ceara,44401.5237627555,2336.92230330292,19
172,2011,Bahia,27899.0476388134,1468.3709283586,19
173,2011,Gremio,20802.8333902805,1094.8859679095,19
174,2011,Internacional,20802.8333902805,1094.8859679095,19
175,2011,Atletico-GO,19527.0360492948,1027.73873943657,19
176,2011,Avai,15131.3301078539,796.385795150207,19
177,2011,Figueirense,15131.3301078539,796.385795150207,19
178,2011,Athletico-PR,13578.4702866263,714.65633087507,19
179,2011,Coritiba,13578.4702866263,714.65633087507,19
180,2011,America-MG,13163.3110597379,692.805845249364,19
181,2011,Atletico-MG,13163.3110597379,692.805845249364,19
182,2011,Cruzeiro,13163.3110597379,692.805845249364,19
183,2011,Botafogo-RJ,11915.8753231527,627.151332797511,19
184,2011,Flamengo,11915.8753231527,627.151332797511,19
185,2011,Fluminense,11915.8753231527,627.151332797511,19
186,2011,Vasco,11915.8753231527,627.151332797511,19
187,2011,Santos,11087.5633741988,583.555967063093,19
188,2011,Corinthians,10978.2724844287,577.80381496993,19
189,2011,Palmeiras,10978.2724844287,577.80381496993,19
190,2011,Sao Paulo,10978.2724844287,577.80381496993,19
191,2012,Nautico,37130.39630016,1954.23138421895,19
192,2012,Sport,37130.39630016,1954.23138421895,19
193,2012,Bahia,26420.1871100906,1390.53616368898,19
194,2012,Gremio,23028.6626285474,1212.03487518671,19
195,2012,Internacional,23028.6626285474,1212.03487518671,19
196,2012,Atletico-GO,20018.6377287813,1053.61251204112,19
197,2012,Figueirense,17291.3202978251,910.069489359214,19
198,2012,Coritiba,15455.8840260802,813.467580320009,19
199,2012,Atletico-MG,13710.7074908227,721.616183727509,19
200,2012,Cruzeiro,13710.7074908227,721.616183727509,19
201,2012,Botafogo-RJ,12461.4611792268,655.86637785404,19
202,2012,Flamengo,12461.4611792268,655.86637785404,19
203,2012,Fluminense,12461.4611792268,655.86637785404,19
204,2012,Vasco,12461.4611792268,655.86637785404,19
205,2012,Ponte Preta,12055.7537389432,634.513354681219,19
206,2012,Santos,11864.8718829613,624.466941208489,19
207,2012,Corinthians,11634.7255587169,612.353976774576,19
208,2012,Palmeiras,11634.7255587169,612.353976774576,19
209,2012,Portuguesa,11634.7255587169,612.353976774576,19
210,2012,Sao Paulo,11634.7255587169,612.353976774576,19
211,2013,Nautico,38283.381380577,2014.91480950405,19
212,2013,Bahia,26219.3068310195,1379.96351742208,19
213,2013,Vitoria,26219.3068310195,1379.96351742208,19
214,2013,Gremio,21904.9841518224,1152.89390272749,19
215,2013,Internacional,21904.9841518224,1152.89390272749,19
216,2013,Goias,19692.2386316706,1036.43361219319,19
217,2013,Criciuma,18436.9399690309,970.36526152794,19
218,2013,Athletico-PR,14549.4967952354,765.762989222913,19
219,2013,Coritiba,14549.4967952354,765.762989222913,19
220,2013,Atletico-MG,13509.615816826,711.032411411893,19
221,2013,Cruzeiro,13509.615816826,711.032411411893,19
222,2013,Botafogo-RJ,12256.0372360698,645.054591372095,19
223,2013,Flamengo,12256.0372360698,645.054591372095,19
224,2013,Fluminense,12256.0372360698,645.054591372095,19
225,2013,Vasco,12256.0372360698,645.054591372095,19
226,2013,Ponte Preta,11794.2968914384,620.752467970445,19
227,2013,Santos,11617.6014334653,611.452707024491,19
228,2013,Corinthians,11440.4684052467,602.129916065618,19
229,2013,Portuguesa,11440.4684052467,602.129916065618,19
230,2013,Sao Paulo,11440.4684052467,602.129916065618,19
231,2014,Sport,39737.7294078682,2091.45944251938,19
232,2014,Bahia,27666.0712137429,1456.10901124963,19
233,2014,Vitoria,27666.0712137429,1456.10901124963,19
234,2014,Gremio,20612.3662333132,1084.8613807007,19
235,2014,Internacional,20612.3662333132,1084.8613807007,19
236,2014,Goias,20448.3698453637,1076.22999186125,19
237,2014,Chapecoense,19028.1187888228,1001.47993625383,19
238,2014,Criciuma,17370.3072424101,914.226696968955,19
239,2014,Figueirense,15634.8194170417,822.885232475878,19
240,2014,Atletico-MG,14870.7515636786,782.671134930451,19
241,2014,Cruzeiro,14870.7515636786,782.671134930451,19
242,2014,Athletico-PR,14143.96333634,744.419122965264,19
243,2014,Coritiba,14143.96333634,744.419122965264,19
244,2014,Botafogo-RJ,13669.4723356099,719.445912400521,19
245,2014,Flamengo,13669.4723356099,719.445912400521,19
246,2014,Fluminense,13669.4723356099,719.445912400521,19
247,2014,Santos,12318.27160326,648.330084382103,19
248,2014,Corinthians,12205.1477219756,642.376195893452,19
249,2014,Palmeiras,12205.1477219756,642.376195893452,19
250,2014,Sao Paulo,12205.1477219756,642.376195893452,19
251,2015,Sport,42856.5002533849,2255.60527649394,19
252,2015,Goias,19676.7207481744,1035.61688148286,19
253,2015,Gremio,17511.2151233868,921.642901230884,19
254,2015,Internacional,17511.2151233868,921.642901230884,19
255,2015,Chapecoense,15879.3439962484,835.754947170969,19
256,2015,Atletico-MG,14128.0640283025,743.58231727908,19
257,2015,Cruzeiro,14128.0640283025,743.58231727908,19
258,2015,Avai,12311.5969414772,647.978786393539,19
259,2015,Figueirense,12311.5969414772,647.978786393539,19
260,2015,Flamengo,12192.3564157933,641.702969252281,19
261,2015,Fluminense,12192.3564157933,641.702969252281,19
262,2015,Vasco,12192.3564157933,641.702969252281,19
263,2015,Joinville,11149.3617046785,586.808510772552,19
264,2015,Athletico-PR,10924.7266085173,574.985610974597,19
265,2015,Coritiba,10924.7266085173,574.985610974597,19
266,2015,Ponte Preta,10089.2448031321,531.012884375373,19
267,2015,Santos,9725.84123186999,511.886380624736,19
268,2015,Corinthians,9612.18699796621,505.904578840327,19
269,2015,Palmeiras,9612.18699796621,505.904578840327,19
270,2015,Sao Paulo,9612.18699796621,505.904578840327,19
271,2016,Santa Cruz,38222.1913373962,2011.69428091559,19
272,2016,Sport,38222.1913373962,2011.69428091559,19
273,2016,Vitoria,27431.6803503536,1443.77265001861,19
274,2016,Gremio,21792.6563759561,1146.98191452401,19
275,2016,Internacional,21792.6563759561,1146.98191452401,19
276,2016,Chapecoense,20050.6102177219,1055.29527461694,19
277,2016,Figueirense,16465.7419214806,866.617995867399,19
278,2016,Athletico-PR,14667.4116177733,771.969032514382,19
279,2016,Coritiba,14667.4116177733,771.969032514382,19
280,2016,America-MG,14225.345481659,748.702393771528,19
281,2016,Cruzeiro,14225.345481659,748.702393771528,19
282,2016,Botafogo-RJ,13241.9619585252,696.945366238169,19
283,2016,Flamengo,13241.9619585252,696.945366238169,19
284,2016,Fluminense,13241.9619585252,696.945366238169,19
285,2016,Atletico-MG,13033.0722382161,724.059568789785,18
286,2016,Ponte Preta,12396.0002975134,652.421068290179,19
287,2016,Santos,12174.985586773,640.788715093316,19
288,2016,Corinthians,12012.0817493344,632.214828912338,19
289,2016,Palmeiras,12012.0817493344,632.214828912338,19
290,2016,Sao Paulo,12012.0817493344,632.214828912338,19
291,2017,Sport,37983.7856553031,1999.146613437,19
292,2017,Bahia,25920.2143995678,1364.22181050357,19
293,2017,Vitoria,25920.2143995678,1364.22181050357,19
294,2017,Gremio,22399.506698127,1178.92140516458,19
295,2017,Chapecoense,20100.3926020883,1057.91540010991,19
296,2017,Atletico-GO,19285.3042671484,1015.01601406044,19
297,2017,Avai,16408.0217866655,863.580094035028,19
298,2017,Athletico-PR,14274.6089145088,751.295206026778,19
299,2017,Coritiba,14274.6089145088,751.295206026778,19
300,2017,Atletico-MG,13213.8907275359,695.467933028205,19
301,2017,Cruzeiro,13213.8907275359,695.467933028205,19
302,2017,Botafogo-RJ,12047.4030629392,634.073845417854,19
303,2017,Flamengo,12047.4030629392,634.073845417854,19
304,2017,Fluminense,12047.4030629392,634.073845417854,19
305,2017,Vasco,12047.4030629392,634.073845417854,19
306,2017,Ponte Preta,11489.1566023285,604.692452754133,19
307,2017,Santos,11362.6396925527,598.033668029089,19
308,2017,Corinthians,11163.9317894519,587.575357339573,19
309,2017,Palmeiras,11163.9317894519,587.575357339573,19
310,2017,Sao Paulo,11163.9317894519,587.575357339573,19
311,2018,Ceara,41477.4479547,2183.02357656316,19
312,2018,Sport,36690.4484808186,1931.07623583256,19
313,2018,Bahia,25633.2915834065,1349.12060965297,19
314,2018,Vitoria,25633.2915834065,1349.12060965297,19
315,2018,Gremio,24193.3862071785,1273.33611616729,19
316,2018,Internacional,24193.3862071785,1273.33611616729,19
317,2018,Chapecoense,22304.5946257769,1173.92603293563,19
318,2018,Athletico-PR,16735.8048795086,880.831835763611,19
319,2018,Parana,16735.8048795086,880.831835763611,19
320,2018,America-MG,14348.221756783,755.169566146473,19
321,2018,Atletico-MG,14348.221756783,755.169566146473,19
322,2018,Cruzeiro,14348.221756783,755.169566146473,19
323,2018,Santos,13646.6455591739,718.244503114414,19
324,2018,Botafogo-RJ,13619.7516353537,716.829033439666,19
325,2018,Flamengo,13619.7516353537,716.829033439666,19
326,2018,Fluminense,13619.7516353537,716.829033439666,19
327,2018,Vasco,13619.7516353537,716.829033439666,19
328,2018,Corinthians,13496.8358303589,710.359780545204,19
329,2018,Palmeiras,13496.8358303589,710.359780545204,19
330,2018,Sao Paulo,13496.8358303589,710.359780545204,19
331,2019,Ceara,40699.1394475361,2142.05997092295,19
332,2019,Fortaleza,40699.1394475361,2142.05997092295,19
333,2019,CSA,33779.2839165269,1777.85704823826,19
334,2019,Bahia,26870.6729198079,1414.24594314778,19
335,2019,Gremio,24888.9522946679,1309.9448576141,19
336,2019,Internacional,24888.9522946679,1309.9448576141,19
337,2019,Chapecoense,22998.6459765728,1210.45505139857,19
338,2019,Goias,21399.6167652059,1126.29561922136,19
339,2019,Avai,19580.133122183,1030.53332222016,19
340,2019,Athletico-PR,17826.824631845,938.253927991844,19
341,2019,Atletico-MG,15897.9588197273,836.734674722492,19
342,2019,Cruzeiro,15897.9588197273,836.734674722492,19
343,2019,Botafogo-RJ,15070.2214522546,793.169550118665,19
344,2019,Flamengo,15070.2214522546,793.169550118665,19
345,2019,Fluminense,15070.2214522546,793.169550118665,19
346,2019,Vasco,15070.2214522546,793.169550118665,19
347,2019,Santos,14848.2520906477,781.486952139354,19
348,2019,Corinthians,14683.7310644542,772.827950760748,19
349,2019,Palmeiras,14683.7310644542,772.827950760748,19
350,2019,Sao Paulo,14683.7310644542,772.827950760748,19
351,2020,Ceará SC,39678.1344636923,2088.32286651012,19
352,2020,Fortaleza,39678.1344636923,2088.32286651012,19
353,2020,Sport Recife,36270.368281356,1908.96675165032,19
354,2020,Bahia,26431.7029168546,1391.14225878182,19
355,2020,Grêmio,25979.7122386335,1367.35327571755,19
356,2020,Internacional,25979.7122386335,1367.35327571755,19
357,2020,Atlético-GO,20205.9693917056,1063.47207324766,19
358,2020,Goiás EC,20205.9693917056,1063.47207324766,19
359,2020,Athletico-PR,17935.5077209,943.974090573685,19
360,2020,Coritiba FC,17935.5077209,943.974090573685,19
361,2020,Atlético-MG,15853.1589106748,834.376784772358,19
362,2020,Botafogo,15085.5514642334,793.976392854388,19
363,2020,Flamengo,15085.5514642334,793.976392854388,19
364,2020,Fluminense,15085.5514642334,793.976392854388,19
365,2020,Vasco da Gama,15085.5514642334,793.976392854388,19
366,2020,Santos FC,14673.0465509572,772.265607945117,19
367,2020,Corinthians,14403.1539656135,758.06073503229,19
368,2020,Palmeiras,14403.1539656135,758.06073503229,19
369,2020,São Paulo,14403.1539656135,758.06073503229,19
370,2020,RB Bragantino,14339.2966100522,754.699821581697,19
371,2021,Ceará SC,41122.2460604829,2164.32874002542,19
372,2021,Fortaleza,41122.2460604829,2164.32874002542,19
373,2021,Sport Recife,38052.0388248312,2002.73888551743,19
374,2021,Cuiabá-MT,29952.9066289268,1576.46876994352,19
375,2021,Bahia,28260.5211143018,1487.39584812115,19
376,2021,Grêmio,25152.4449497603,1323.81289209264,19
377,2021,Internacional,25152.4449497603,1323.81289209264,19
378,2021,Juventude,23864.0665721508,1256.00350379741,19
379,2021,Chapecoense,23037.4303177754,1212.49633251449,19
380,2021,Atlético-GO,21373.8534570093,1124.93965563207,19
381,2021,Athletico-PR,18567.6286844195,977.243614969445,19
382,2021,América-MG,17511.0007104688,921.631616340461,19
383,2021,Atlético-MG,17511.0007104688,921.631616340461,19
384,2021,Flamengo,17509.8581847023,921.571483405383,19
385,2021,Fluminense,17509.8581847023,921.571483405383,19
386,2021,Santos,16151.9038434901,850.100202288955,19
387,2021,Corinthians,15841.6215609988,833.769555842043,19
388,2021,Palmeiras,15841.6215609988,833.769555842043,19
389,2021,São Paulo,15841.6215609988,833.769555842043,19
390,2021,RB Bragantino,15830.6568331169,833.192464900891,19
395,2022,Ceara,42833.4304147126,2254.39107445856,19
396,2022,Fortaleza,42833.4304147126,2254.39107445856,19
397,2022,Cuiaba,27739.0259097434,1459.94873209176,19
398,2022,Internacional,23060.0739841304,1213.68810442792,19
399,2022,Juventude,21598.3526275983,1136.75540145254,19
400,2022,Atletico-GO,18734.5922231672,986.031169640379,19
401,2022,Goias,18734.5922231672,986.031169640379,19
402,2022,Avai,17586.806549924,925.621397364419,19
403,2022,Athletico-PR,15291.5576345777,804.81882287251,19
404,2022,Coritiba,15291.5576345777,804.81882287251,19
405,2022,America-MG,15171.7888884516,798.515204655347,19
406,2022,Atletico-MG,15171.7888884516,798.515204655347,19
407,2022,Botafogo-RJ,14606.8477197367,768.781458933508,19
408,2022,Flamengo,14606.8477197367,768.781458933508,19
409,2022,Fluminense,14606.8477197367,768.781458933508,19
410,2022,Santos,12982.4186078818,683.285189888516,19
411,2022,Bragantino,12719.4060299199,669.442422627361,19
412,2022,Corinthians,12680.7652701621,667.408698429585,19
413,2022,Palmeiras,12680.7652701621,667.408698429585,19
414,2022,Sao Paulo,12680.7652701621,667.408698429585,19
415,2023,Fortaleza,43318.6276669042,2279.92777194233,19
416,2023,Cuiaba,28081.1777566914,1477.95672403639,19
417,2023,Bahia,27348.2607433778,1439.38214438831,19
418,2023,Gremio,22646.8745330936,1191.94076489966,19
419,2023,Internacional,22646.8745330936,1191.94076489966,19
420,2023,Goias,18588.5795153402,978.346290281064,19
421,2023,Athletico-PR,14770.1740857825,777.377583462236,19
422,2023,Coritiba,14770.1740857825,777.377583462236,19
423,2023,America-MG,13021.0480545857,685.318318662403,19
424,2023,Atletico-MG,13021.0480545857,685.318318662403,19
425,2023,Cruzeiro,13021.0480545857,685.318318662403,19
426,2023,Botafogo-RJ,12339.5156803472,649.448193702483,19
427,2023,Flamengo,12339.5156803472,649.448193702483,19
428,2023,Fluminense,12339.5156803472,649.448193702483,19
429,2023,Vasco,12339.5156803472,649.448193702483,19
430,2023,Santos,11660.4873157281,613.709858722532,19
431,2023,Corinthians,11395.1415509005,599.744292152656,19
432,2023,Palmeiras,11395.1415509005,599.744292152656,19
433,2023,Sao Paulo,11395.1415509005,599.744292152656,19
434,2023,Bragantino,11360.9252943139,597.943436542839,19
435,2024,Fortaleza,43509.8244250044,2289.99075921076,19
436,2024,Cuiaba,29142.2670546576,1533.80352919251,19
437,2024,Bahia,27426.4362872979,1443.49664669989,19
438,2024,Vitoria,27426.4362872979,1443.49664669989,19
439,2024,Gremio,22561.8940449633,1187.46810762965,19
440,2024,Internacional,22561.8940449633,1187.46810762965,19
441,2024,Juventude,21337.5004316023,1123.02633850538,19
442,2024,Atletico-GO,20048.4924143443,1055.18381128128,19
443,2024,Criciuma,19532.3507655442,1028.01846134443,19
444,2024,Athletico-PR,16215.0735142706,853.424921803715,19
445,2024,Atletico-MG,15034.3105778636,791.279504098085,19
446,2024,Cruzeiro,15034.3105778636,791.279504098085,19
447,2024,Botafogo-RJ,14139.431858528,744.180624133054,19
448,2024,Flamengo,14139.431858528,744.180624133054,19
449,2024,Fluminense,14139.431858528,744.180624133054,19
450,2024,Vasco,14139.431858528,744.180624133054,19
451,2024,Corinthians,13371.3509640745,703.755313898656,19
452,2024,Palmeiras,13371.3509640745,703.755313898656,19
453,2024,Sao Paulo,13371.3509640745,703.755313898656,19
454,2024,Bragantino,13351.938122326,702.73358538558,19
