"","Time","Ano","Total_Viagens_KM","Media_Viagem_KM","Jogos_Fora","Nivel_Desgaste","Regiao","Estado","Cidade_UF","Vitorias","Derrotas","Empates","Gols_Marcados","Gols_Tomados","Colocacao_Final","Quartil_Num"
"1","Bragantino",2024,13351.938122326,702.73358538558,19,"Baixo (Q1)","Sudeste","São Paulo","Bragança Paulista (SP)",10,14,14,44,48,16,1
"2","Corinthians",2024,13371.3509640745,703.755313898656,19,"Baixo (Q1)","Sudeste","São Paulo","São Paulo (SP)",15,12,11,54,45,7,1
"3","Palmeiras",2024,13371.3509640745,703.755313898656,19,"Baixo (Q1)","Sudeste","São Paulo","São Paulo (SP)",22,9,7,60,33,2,1
"4","São Paulo",2024,13371.3509640745,703.755313898656,19,"Baixo (Q1)","Sudeste","São Paulo","São Paulo (SP)",17,13,8,53,43,6,1
"5","Vasco",2024,14139.431858528,744.180624133054,19,"Baixo (Q1)","Sudeste","Rio de Janeiro","Rio de Janeiro (RJ)",14,16,8,43,56,10,1
"6","Botafogo-RJ",2024,14139.431858528,744.180624133054,19,"Moderado (Q2)","Sudeste","Rio de Janeiro","Rio de Janeiro (RJ)",23,5,10,59,29,1,2
"7","Flamengo",2024,14139.431858528,744.180624133054,19,"Moderado (Q2)","Sudeste","Rio de Janeiro","Rio de Janeiro (RJ)",20,8,10,61,42,3,2
"8","Fluminense",2024,14139.431858528,744.180624133054,19,"Moderado (Q2)","Sudeste","Rio de Janeiro","Rio de Janeiro (RJ)",12,16,10,33,39,13,2
"9","Atletico-MG",2024,15034.3105778636,791.279504098085,19,"Moderado (Q2)","Sudeste","Minas Gerais","Belo Horizonte (MG)",11,13,14,47,54,12,2
"10","Cruzeiro",2024,15034.3105778636,791.279504098085,19,"Moderado (Q2)","Sudeste","Minas Gerais","Belo Horizonte (MG)",14,14,10,43,41,9,2
"11","Athletico-PR",2024,16215.0735142706,853.424921803715,19,"Alto (Q3)","Sul","Paraná","Curitiba (PR)",11,18,9,40,46,17,3
"12","Criciuma",2024,19532.3507655442,1028.01846134443,19,"Alto (Q3)","Sul","Santa Catarina","Criciúma (SC)",9,18,11,42,61,18,3
"13","Atletico-GO",2024,20048.4924143443,1055.18381128128,19,"Alto (Q3)","Centro-Oeste","Goiás","Goiânia (GO)",7,22,9,29,58,19,3
"14","Juventude",2024,21337.5004316023,1123.02633850538,19,"Alto (Q3)","Sul","Rio Grande do Sul","Caxias do Sul (RS)",11,15,12,48,59,15,3
"15","Internacional",2024,22561.8940449633,1187.46810762965,19,"Alto (Q3)","Sul","Rio Grande do Sul","Porto Alegre (RS)",18,9,11,53,36,5,3
"16","Gremio",2024,22561.8940449633,1187.46810762965,19,"Extremo (Q4)","Sul","Rio Grande do Sul","Porto Alegre (RS)",12,17,9,44,50,14,4
"17","Bahia",2024,27426.4362872979,1443.49664669989,19,"Extremo (Q4)","Nordeste","Bahia","Salvador (BA)",15,15,8,49,49,8,4
"18","Vitória",2024,27426.4362872979,1443.49664669989,19,"Extremo (Q4)","Nordeste","Bahia","Salvador (BA)",13,17,8,45,52,11,4
"19","Cuiabá",2024,29142.2670546576,1533.80352919251,19,"Extremo (Q4)","Centro-Oeste","Mato Grosso","Cuiabá (MT)",6,20,12,29,49,20,4
"20","Fortaleza",2024,43509.8244250044,2289.99075921076,19,"Extremo (Q4)","Nordeste","Ceará","Fortaleza (CE)",19,8,11,53,39,4,4
