estado,regiao,jogos,Vitoria,Empate,Derrota,pontos_ganhos,pontos_disputados
SP,Sudeste,4179,1680,1164,1335,6204,12537
RJ,Sudeste,3001,1157,816,1028,4287,9003
RS,Sul,1833,746,478,609,2716,5499
MG,Sudeste,1765,700,447,618,2547,5295
PR,Sul,1586,563,384,639,2073,4758
SC,Sul,1167,328,325,514,1309,3501
GO,Centro-Oeste,865,276,224,365,1052,2595
BA,Nordeste,855,267,227,361,1028,2565
PE,Nordeste,684,200,159,325,759,2052
CE,Nordeste,599,191,176,232,749,1797
MT,Centro-Oeste,142,39,45,58,162,426
PA,Norte,114,36,26,52,134,342
DF,Centro-Oeste,38,9,12,17,39,114
AL,Nordeste,38,8,8,22,32,114
RN,Nordeste,38,4,5,29,17,114
