"","ano_campeonato","time","valor_medio_campeao","campeao_top3","valor_medio_ano"
"2",2008,"São Paulo",31.9710526315789,TRUE,14.0800873357878
"3",2009,"Flamengo",27.0742857142857,TRUE,14.4673526601486
"4",2010,"Fluminense",20.3083333333333,FALSE,14.8667533692204
"5",2011,"Corinthians",20.3885714285714,FALSE,15.86654316961
"6",2012,"Fluminense",26.7210526315789,TRUE,15.3356418918919
"7",2013,"Cruzeiro",20.4162162162162,FALSE,12.9629502213252
"8",2014,"Cruzeiro",26,FALSE,13.9951315789474
"9",2015,"Corinthians",42.8918918918919,TRUE,21.6717716927454
"10",2016,"Palmeiras",31.9757142857143,TRUE,19.4680566123419
"11",2017,"Corinthians",22.7256756756757,FALSE,18.2112228544334
"12",2018,"Palmeiras",35.9202702702703,TRUE,19.5110920322821
"13",2019,"Flamengo",65.9526315789474,TRUE,24.1365131578947
"14",2020,"Flamengo",64.4671052631579,TRUE,20.623823371266
"15",2021,"Atlético-MG",42.6302631578947,TRUE,22.1988815789474
"16",2022,"Palmeiras",83.1736842105263,TRUE,27.8399210526316
"17",2023,"Palmeiras",78.2486842105263,TRUE,32.4831315789474
"18",2024,"Botafogo",50.2569444444444,TRUE,35.0455694444444
